<?xml version="1.0" encoding="UTF-8" ?>
<!DOCTYPE mapper PUBLIC "-//mybatis.org//DTD Mapper 3.0//EN" "http://mybatis.org/dtd/mybatis-3-mapper.dtd" >
<mapper namespace="com.book.console.dao.mapper.PaperFruitMapper" >
  <resultMap id="BaseResultMap" type="com.book.console.dao.model.PaperFruit" >
    <!--
      WARNING - @mbg.generated
    -->
    <id column="id" property="id" jdbcType="INTEGER" />
    <result column="paper_nm" property="paperNm" jdbcType="VARCHAR" />
    <result column="journal_name" property="journalName" jdbcType="VARCHAR" />
    <result column="journal_num" property="journalNum" jdbcType="VARCHAR" />
    <result column="published_date" property="publishedDate" jdbcType="DATE" />
    <result column="paper_level" property="paperLevel" jdbcType="VARCHAR" />
    <result column="paper_author" property="paperAuthor" jdbcType="VARCHAR" />
    <result column="fruit_category_id" property="fruitCategoryId" jdbcType="VARCHAR" />
    <result column="fruit_status" property="fruitStatus" jdbcType="VARCHAR" />
    <result column="crt_user" property="crtUser" jdbcType="VARCHAR" />
    <result column="cup_user" property="cupUser" jdbcType="VARCHAR" />
    <result column="crt_time" property="crtTime" jdbcType="TIMESTAMP" />
    <result column="upt_time" property="uptTime" jdbcType="TIMESTAMP" />
  </resultMap>
 
</mapper>