<?xml version="1.0" encoding="UTF-8" ?>
<!DOCTYPE mapper PUBLIC "-//mybatis.org//DTD Mapper 3.0//EN" "http://mybatis.org/dtd/mybatis-3-mapper.dtd" >
<mapper namespace="com.book.console.dao.mapper.UserMapper" >
  <resultMap id="BaseResultMap" type="com.book.console.dao.model.User" >
    <!--
      WARNING - @mbg.generated
    -->
    <id column="id" property="id" jdbcType="INTEGER" />
    <result column="username" property="username" jdbcType="VARCHAR" />
    <result column="password" property="password" jdbcType="VARCHAR" />
    <result column="user_code" property="userCode" jdbcType="VARCHAR" />
    <result column="email" property="email" jdbcType="VARCHAR" />
    <result column="role" property="role" jdbcType="INTEGER" />
    <result column="department" property="department" jdbcType="VARCHAR" />
    <result column="mobile" property="mobile" jdbcType="VARCHAR" />
    <result column="title" property="title" jdbcType="VARCHAR" />
    <result column="chinese_name" property="chineseName" jdbcType="VARCHAR" />
    <result column="created_at" property="createdAt" jdbcType="TIMESTAMP" />
  </resultMap>
</mapper>